cutoff,approval_rate,bad_rate
580,0.7553175682626039,0.01935386244987516
620,0.19103242545117896,0.008555701806868493
