customers,bad_rate
16714,0.008555701806868493
19809,0.015346559644605988
29562,0.028144239226033423
21408,0.0632473841554559
