Metric,Value
AUC_Train,0.7141226854335342
AUC_Test,0.703362628324
Gini_Train,0.4282453708670684
Gini_Test,0.40672525664799997
KS,0.29073424837978495
