score,TARGET
"(509.136, 568.398]",0.0912
"(568.398, 576.771]",0.04513928368391131
"(576.771, 584.037]",0.036576595088872906
"(584.037, 588.336]",0.03018575851393189
"(588.336, 594.653]",0.02736108176632157
"(594.653, 602.043]",0.021296296296296296
"(602.043, 607.171]",0.015060240963855422
"(607.171, 618.072]",0.01448448905109489
"(618.072, 625.205]",0.007582938388625593
"(625.205, 678.138]",0.010392609699769052
